"11-02-2011 21:09:14",127.0.0.1,Members,"Signed in"
"11-03-2011 08:42:19",127.0.0.1,contact,"Access denied: contact-index"
"11-03-2011 08:42:42",127.0.0.1,contact,"Access denied: contact-index"
"11-03-2011 08:43:31",127.0.0.1,Groups,"Chỉnh sửa nhóm thành viên: Admin (1)"
"11-03-2011 08:58:36",127.0.0.1,"Tạo mới","Bài viết:Test cái nào(19)"
"11-03-2011 09:02:18",127.0.0.1,"Sửa chữa","Bài viết:Test edit(19)"
"11-03-2011 09:04:24",127.0.0.1,Xóa,"Bài viết: Hoang Khanh(14)"
"11-03-2011 09:04:39",127.0.0.1,Xóa,"Bài viết: Thuy(15)"
"11-03-2011 09:04:45",127.0.0.1,Xóa,"Bài viết: Kien(16)"
"11-03-2011 09:04:50",127.0.0.1,Xóa,"Bài viết: Huong(17)"
"11-03-2011 09:04:57",127.0.0.1,member,"Access denied: member-logout"
"11-03-2011 09:04:57",127.0.0.1,Members,"Signed out"
"11-03-2011 09:05:05",127.0.0.1,Members,"Signed in"
"11-03-2011 09:05:57",127.0.0.1,Member,"Edit member:Hoài Nam Trần(1)"
"11-03-2011 09:06:01",127.0.0.1,member,"Access denied: member-logout"
"11-03-2011 09:06:01",127.0.0.1,Members,"Signed out"
"11-03-2011 09:06:17",127.0.0.1,Members,"Signed in"
"11-03-2011 09:13:57",127.0.0.1,Groups,"Tạo nhóm thành viên: Supper Admin (9)"
"11-03-2011 09:54:19",127.0.0.1,"Xóa đơn hàng","Đặt hàng: Hoài Nam(1)"
"11-03-2011 10:43:10",127.0.0.1,Setting,"Change system settings"
"11-03-2011 10:43:48",127.0.0.1,Setting,"Change system settings"
"11-03-2011 10:44:34",127.0.0.1,Setting,"Change system settings"
"11-03-2011 14:06:42",127.0.0.1,Groups,"Chỉnh sửa nhóm thành viên: Admin (1)"
"11-03-2011 14:06:49",127.0.0.1,member,"Access denied: member-logout"
"11-03-2011 14:06:49",127.0.0.1,Members,"Signed out"
"11-03-2011 14:07:09",127.0.0.1,Members,"Signed in"
"11-03-2011 14:07:43",127.0.0.1,member,"Access denied: member-logout"
"11-03-2011 14:07:43",127.0.0.1,Members,"Signed out"
"11-03-2011 14:07:50",127.0.0.1,Members,"Signed in"
"11-03-2011 14:08:05",127.0.0.1,Members,"Signed in"
"11-03-2011 14:11:42",127.0.0.1,member,"Access denied: member-logout"
"11-03-2011 14:11:42",127.0.0.1,Members,"Signed out"
"11-03-2011 14:11:47",127.0.0.1,Members,"Signed in"
"11-03-2011 14:12:56",127.0.0.1,Groups,"Chỉnh sửa nhóm thành viên: Admin (1)"
"11-03-2011 15:36:06",127.0.0.1,"Tạo mới","Sản phẩm:BMW 123(2)"
"11-04-2011 08:40:52",127.0.0.1,Members,"Signed in"
"11-04-2011 09:01:31",127.0.0.1,"Sửa chữa","Sản phẩm:BMW 456(2)"
"11-04-2011 09:02:47",127.0.0.1,"Sửa chữa","Sản phẩm:BMW 456(2)"
"11-04-2011 09:04:15",127.0.0.1,"Sửa chữa","Sản phẩm:BMW 456(2)"
"11-04-2011 09:04:39",127.0.0.1,"Sửa chữa","Sản phẩm:BMW 456(2)"
"11-04-2011 09:06:25",127.0.0.1,"Sửa chữa","Sản phẩm:BMW 456(2)"
"11-04-2011 09:06:32",127.0.0.1,"Sửa chữa","Sản phẩm:BMW 456(2)"
"11-04-2011 09:08:07",127.0.0.1,Xóa,"Sản phẩm: BMW654(1)"
"11-04-2011 09:08:12",127.0.0.1,Xóa,"Sản phẩm: BMW 456(2)"
"11-04-2011 09:09:05",127.0.0.1,"Tạo mới","Sản phẩm:BMW 246(3)"
"11-04-2011 09:09:44",127.0.0.1,"Sửa chữa","Sản phẩm:BMW 2468(3)"
"11-04-2011 09:09:59",127.0.0.1,Xóa,"Sản phẩm: BMW 2468(3)"
"11-04-2011 09:10:50",127.0.0.1,member,"Access denied: member-logout"
"11-04-2011 09:10:50",127.0.0.1,Members,"Signed out"
"11-04-2011 09:10:57",127.0.0.1,Members,"Signed in"
"11-04-2011 09:11:26",127.0.0.1,member,"Access denied: member-logout"
"11-04-2011 09:11:26",127.0.0.1,Members,"Signed out"
"11-04-2011 09:11:31",127.0.0.1,Members,"Signed in"
"11-04-2011 09:20:11",127.0.0.1,productgroup,"Access denied: productgroup-index"
"11-04-2011 09:20:19",127.0.0.1,productgroup,"Access denied: productgroup-index"
"11-04-2011 09:20:46",127.0.0.1,productgroup,"Access denied: productgroup-index"
"11-04-2011 09:22:41",127.0.0.1,Groups,"Chỉnh sửa nhóm thành viên: Admin (1)"
"11-04-2011 09:23:05",127.0.0.1,productgroup,"Access denied: productgroup-index"
"11-04-2011 09:23:08",127.0.0.1,member,"Access denied: member-logout"
"11-04-2011 09:23:08",127.0.0.1,Members,"Signed out"
"11-04-2011 09:23:14",127.0.0.1,Members,"Signed in"
"11-04-2011 09:31:56",127.0.0.1,"Tạo mới","Nhóm sản phẩm:BMW1(1)"
"11-04-2011 09:32:10",127.0.0.1,"Tạo mới","Nhóm sản phẩm:BMW2(2)"
"11-04-2011 09:32:19",127.0.0.1,"Tạo mới","Nhóm sản phẩm:BMW3(3)"
"11-04-2011 09:32:26",127.0.0.1,"Tạo mới","Nhóm sản phẩm:BMW4(4)"
"11-04-2011 09:32:34",127.0.0.1,"Tạo mới","Nhóm sản phẩm:BMW5(5)"
"11-04-2011 09:34:37",127.0.0.1,"Sửa chữa","Nhóm sản phẩm:BMW5(5)"
"11-04-2011 09:34:44",127.0.0.1,"Sửa chữa","Nhóm sản phẩm:BMW5(5)"
"11-04-2011 09:49:52",127.0.0.1,"Tạo mới","Sản phẩm:BMW1098(4)"
"11-04-2011 09:51:49",127.0.0.1,"Sửa chữa","Sản phẩm:BMW1098(4)"
"11-04-2011 09:53:09",127.0.0.1,Xóa,"Sản phẩm: BMW1098(4)"
"11-04-2011 09:53:47",127.0.0.1,"Tạo mới","Sản phẩm:Thêm mới(5)"
"11-04-2011 09:53:58",127.0.0.1,"Sửa chữa","Sản phẩm:Thêm mới(5)"
"11-04-2011 09:54:09",127.0.0.1,"Sửa chữa","Sản phẩm:Thêm mới(5)"
"11-04-2011 10:00:06",127.0.0.1,"Tạo mới","Sản phẩm:ghghgh(6)"
"11-04-2011 10:00:26",127.0.0.1,Xóa,"Sản phẩm: ghghgh(6)"
"11-04-2011 10:00:45",127.0.0.1,"Tạo mới","Sản phẩm:hhggh(7)"
"11-04-2011 10:00:56",127.0.0.1,Xóa,"Sản phẩm: hhggh(7)"
"11-04-2011 10:56:03",127.0.0.1,"Tạo mới","Sản phẩm:BMW 2468(8)"
"11-04-2011 11:07:12",127.0.0.1,"Tạo mới","Sản phẩm:BMW 456(9)"
"11-04-2011 11:12:57",127.0.0.1,Xóa,"Sản phẩm: BMW 456(9)"
"11-04-2011 11:13:00",127.0.0.1,Xóa,"Sản phẩm: BMW 2468(8)"
"11-04-2011 11:13:03",127.0.0.1,Xóa,"Sản phẩm: Thêm mới(5)"
"11-04-2011 11:13:49",127.0.0.1,"Tạo mới","Sản phẩm:BMW 2468(10)"
"11-04-2011 11:32:02",127.0.0.1,Members,"Signed in"
"11-04-2011 11:40:32",127.0.0.1,"Tạo mới","Sản phẩm:BMW 122(11)"
"11-04-2011 11:41:17",127.0.0.1,"Sửa chữa","Sản phẩm:BMW 122(11)"
"11-04-2011 11:43:22",127.0.0.1,"Sửa chữa","Sản phẩm:BMW 122(11)"
"11-04-2011 11:45:49",127.0.0.1,"Sửa chữa","Sản phẩm:BMW 122(11)"
"11-04-2011 11:48:46",127.0.0.1,Xóa,"Sản phẩm: BMW 2468(10)"
"11-04-2011 11:50:45",127.0.0.1,Xóa,"Sản phẩm: BMW 122(11)"
"11-04-2011 11:51:27",127.0.0.1,"Tạo mới","Sản phẩm:BMW 122(12)"
"11-04-2011 11:55:12",127.0.0.1,"Tạo mới","Sản phẩm:BMW 122(13)"
"11-04-2011 11:58:43",127.0.0.1,Xóa,"Sản phẩm: BMW 122(13)"
"11-04-2011 13:50:23",127.0.0.1,"Tạo mới","Sản phẩm:BMW 122(14)"
"11-04-2011 13:52:19",127.0.0.1,color,"Access denied: color-index"
"11-04-2011 13:52:21",127.0.0.1,color,"Access denied: color-index"
"11-04-2011 13:54:34",127.0.0.1,color,"Access denied: color-index"
"11-04-2011 13:55:12",127.0.0.1,color,"Access denied: color-index"
"11-04-2011 13:57:20",127.0.0.1,Groups,"Chỉnh sửa nhóm thành viên: Admin (1)"
"11-04-2011 13:57:22",127.0.0.1,member,"Access denied: member-logout"
"11-04-2011 13:57:22",127.0.0.1,Members,"Signed out"
"11-04-2011 13:57:27",127.0.0.1,Members,"Signed in"
"11-04-2011 14:09:02",127.0.0.1,"Tạo mới","Phong thủy xe:Màu đen(1)"
"11-04-2011 14:18:08",127.0.0.1,"Tạo mới","Phong thủy xe:Màu đen(2)"
"11-04-2011 14:26:58",127.0.0.1,"Sửa chữa","Phong thủy xe:Màu đỏ(2)"
"11-04-2011 14:27:57",127.0.0.1,"Sửa chữa","Phong thủy xe:Màu đỏ(2)"
"11-04-2011 14:28:33",127.0.0.1,"Sửa chữa","Phong thủy xe:Màu đỏ(2)"
"11-04-2011 14:28:43",127.0.0.1,"Sửa chữa","Phong thủy xe:Màu đen(1)"
"11-04-2011 14:33:51",127.0.0.1,Xóa,"Phong thủy xe: Màu đen(1)"
"11-04-2011 14:51:01",127.0.0.1,"Sửa chữa","Phong thủy xe:Màu đỏ(2)"
"11-04-2011 14:55:35",127.0.0.1,"Sửa chữa","Phong thủy xe:Màu đỏ(2)"
"11-04-2011 14:56:53",127.0.0.1,"Sửa chữa","Phong thủy xe:Màu đỏ(2)"
"11-04-2011 15:23:37",127.0.0.1,newgroup,"Access denied: newgroup-index"
"11-04-2011 15:25:07",127.0.0.1,member,"Access denied: member-logout"
"11-04-2011 15:25:07",127.0.0.1,Members,"Signed out"
"11-04-2011 15:25:13",127.0.0.1,Members,"Signed in"
"11-04-2011 15:25:23",127.0.0.1,Groups,"Chỉnh sửa nhóm thành viên: Admin (1)"
"11-04-2011 15:25:26",127.0.0.1,member,"Access denied: member-logout"
"11-04-2011 15:25:26",127.0.0.1,Members,"Signed out"
"11-04-2011 15:25:31",127.0.0.1,Members,"Signed in"
"11-04-2011 15:48:22",127.0.0.1,"Tạo mới","Nhóm tin:Du lịch(1)"
"11-04-2011 15:50:26",127.0.0.1,"Tạo mới","Nhóm tin:Kỹ thuật lái xe(2)"
"11-04-2011 15:51:07",127.0.0.1,"Tạo mới","Nhóm tin:Lịch sử BMW(3)"
"11-04-2011 15:53:16",127.0.0.1,"Sửa chữa","Nhóm tin:Kỹ thuật lái xe an toàn(2)"
"11-04-2011 15:55:36",127.0.0.1,Xóa,"Nhóm tin: Lịch sử BMW(3)"
"11-04-2011 16:52:02",127.0.0.1,Groups,"Chỉnh sửa nhóm thành viên: Admin (1)"
"11-04-2011 16:52:04",127.0.0.1,member,"Access denied: member-logout"
"11-04-2011 16:52:04",127.0.0.1,Members,"Signed out"
"11-04-2011 16:52:08",127.0.0.1,Members,"Signed in"
"11-04-2011 16:59:45",127.0.0.1,"Tạo mới","Tin tức:Hà nội mùa vắng nhưng cơn mưa(11)"
"11-04-2011 17:12:56",127.0.0.1,"Sửa chữa","Tin tức:Hà nội mùa vắng nhưng cơn mưa(11)"
"11-04-2011 17:17:36",127.0.0.1,"Sửa chữa","Tin tức:Hà nội mùa vắng nhưng cơn mưa(11)"
"11-04-2011 17:18:44",127.0.0.1,"Sửa chữa","Tin tức:Hà nội mùa vắng nhưng cơn mưa(11)"
"11-04-2011 17:19:54",127.0.0.1,"Sửa chữa","Tin tức:Hà nội mùa vắng nhưng cơn mưa(11)"
"11-04-2011 17:21:37",127.0.0.1,"Tạo mới","Tin tức:Những chú chim non(12)"
"11-04-2011 17:21:45",127.0.0.1,"Sửa chữa","Tin tức:Những chú chim non(12)"
"11-04-2011 17:22:39",127.0.0.1,"Sửa chữa","Tin tức:Những chú chim non(12)"
"11-04-2011 17:23:43",127.0.0.1,"Sửa chữa","Tin tức:Những chú chim non(12)"
"11-04-2011 17:23:51",127.0.0.1,"Sửa chữa","Tin tức:Những chú chim non(12)"
"11-04-2011 17:27:04",127.0.0.1,Xóa,"Tin tức: Những chú chim non(12)"
"11-04-2011 17:27:26",127.0.0.1,Xóa,"Tin tức: Hà nội mùa vắng nhưng cơn mưa(11)"
"11-04-2011 17:30:01",127.0.0.1,"Tạo mới","Tin tức:Những con đường mưa(13)"
"11-04-2011 17:30:19",127.0.0.1,"Sửa chữa","Tin tức:Những con đường mưa(13)"
"11-04-2011 17:30:31",127.0.0.1,Xóa,"Tin tức: Những con đường mưa(13)"
"11-04-2011 17:32:34",127.0.0.1,"Sửa chữa","Sản phẩm:BMW 122(14)"
"11-07-2011 08:10:54",127.0.0.1,Members,"Signed in"
"11-07-2011 11:05:49",127.0.0.1,"Tạo mới","Nhóm tin:Những điều lưu ý(3)"
"11-07-2011 11:06:49",127.0.0.1,"Tạo mới","Nhóm tin:Hỗ trợ mua xe BMW(4)"
"11-07-2011 11:07:35",127.0.0.1,"Tạo mới","Nhóm tin:Tin tức ô tô BMW(5)"
"11-07-2011 11:08:04",127.0.0.1,"Sửa chữa","Nhóm tin:Điểm đến du lịch(1)"
"11-07-2011 11:08:21",127.0.0.1,"Tạo mới","Nhóm tin:Lịch sử BMW(6)"
"11-07-2011 11:08:56",127.0.0.1,"Tạo mới","Nhóm tin:Anh em BMW(7)"
"11-07-2011 11:09:28",127.0.0.1,"Tạo mới","Nhóm tin:Thư giãn BMW(8)"
"11-07-2011 14:07:00",127.0.0.1,"Tạo mới","Sản phẩm:BMW X6 xDrive35i 2011 (15)"
"11-07-2011 14:33:26",127.0.0.1,"Sửa chữa","Sản phẩm:BMW X6 xDrive35i 2011 (15)"
"11-07-2011 14:38:05",127.0.0.1,"Tạo mới","Sản phẩm:BMW 535i Gran Turismo 3.0 2011 (16)"
"11-07-2011 14:38:26",127.0.0.1,"Tạo mới","Nhóm sản phẩm:BMW6(6)"
"11-07-2011 14:38:44",127.0.0.1,"Sửa chữa","Sản phẩm:BMW X6 xDrive35i 2011 (15)"
"11-07-2011 14:44:10",127.0.0.1,Xóa,"Sản phẩm: BMW 122(14)"
"11-07-2011 15:07:10",127.0.0.1,"Sửa chữa","Sản phẩm:BMW 535i Gran Turismo 3.0 2011 (16)"
"11-07-2011 15:09:21",127.0.0.1,"Sửa chữa","Sản phẩm:BMW 535i Gran Turismo 3.0 2011 (16)"
"11-07-2011 15:11:20",127.0.0.1,"Sửa chữa","Sản phẩm:BMW 535i Gran Turismo 3.0 2011 (16)"
"11-07-2011 15:13:21",127.0.0.1,"Sửa chữa","Sản phẩm:BMW 535i Gran Turismo 3.0 2011 (16)"
"11-07-2011 15:13:42",127.0.0.1,"Sửa chữa","Sản phẩm:BMW 535i Gran Turismo 3.0 2011 (16)"
"11-09-2011 14:25:57",127.0.0.1,Members,"Signed in"
"11-09-2011 16:39:51",127.0.0.1,product,"Access denied: product-uploadfile"
"11-09-2011 16:40:33",127.0.0.1,product,"Access denied: product-uploadfile"
"11-09-2011 16:42:11",127.0.0.1,Groups,"Chỉnh sửa nhóm thành viên: Admin (1)"
"11-09-2011 16:42:14",127.0.0.1,member,"Access denied: member-logout"
"11-09-2011 16:42:14",127.0.0.1,Members,"Signed out"
"11-09-2011 16:42:19",127.0.0.1,Members,"Signed in"
"11-09-2011 16:42:30",127.0.0.1,product,"Access denied: product-uploadfile"
"11-09-2011 16:43:13",127.0.0.1,product,"Access denied: product-uploadfile"
"11-09-2011 16:44:01",127.0.0.1,product,"Access denied: product-uploadfile"
"11-09-2011 16:45:10",127.0.0.1,product,"Access denied: product-uploadfile"
"11-09-2011 16:46:13",127.0.0.1,product,"Access denied: product-uploadfile"
"11-09-2011 16:46:47",127.0.0.1,product,"Access denied: product-uploadfile"
"11-09-2011 16:47:39",127.0.0.1,product,"Access denied: product-uploadfile"
"11-09-2011 16:48:09",127.0.0.1,product,"Access denied: product-uploadfile"
"11-09-2011 16:49:20",127.0.0.1,product,"Access denied: product-uploadfile"
"11-09-2011 16:57:00",127.0.0.1,product,"Access denied: product-uploadfile"
"11-09-2011 16:58:01",127.0.0.1,product,"Access denied: product-uploadfile"
"11-09-2011 16:59:10",127.0.0.1,member,"Access denied: member-logout"
"11-09-2011 16:59:10",127.0.0.1,Members,"Signed out"
"11-09-2011 16:59:16",127.0.0.1,Members,"Signed in"
"11-09-2011 16:59:35",127.0.0.1,product,"Access denied: product-uploadfile"
"11-09-2011 17:21:41",127.0.0.1,"Sửa chữa","Sản phẩm:BMW X6 xDrive35i 2011 (15)"
"11-09-2011 17:25:13",127.0.0.1,"Sửa chữa","Sản phẩm:BMW 535i Gran Turismo 3.0 2011 (16)"
"11-09-2011 17:26:36",127.0.0.1,"Sửa chữa","Sản phẩm:BMW 535i Gran Turismo 3.0 2011 (16)"
"11-09-2011 17:27:35",127.0.0.1,"Sửa chữa","Sản phẩm:BMW 535i Gran Turismo 3.0 2011 (16)"
"11-09-2011 17:28:12",127.0.0.1,"Sửa chữa","Sản phẩm:BMW 535i Gran Turismo 3.0 2011 (16)"
"11-09-2011 17:32:21",127.0.0.1,"Sửa chữa","Sản phẩm:BMW 535i Gran Turismo 3.0 2011 (16)"
"11-09-2011 17:33:28",127.0.0.1,"Sửa chữa","Sản phẩm:BMW 535i Gran Turismo 3.0 2011 (16)"
"11-09-2011 17:35:01",127.0.0.1,"Sửa chữa","Sản phẩm:BMW 535i Gran Turismo 3.0 2011 (16)"
"11-09-2011 17:35:55",127.0.0.1,"Sửa chữa","Sản phẩm:BMW 535i Gran Turismo 3.0 2011 (16)"
"11-09-2011 17:37:26",127.0.0.1,"Sửa chữa","Sản phẩm:BMW 535i Gran Turismo 3.0 2011 (16)"
"11-09-2011 17:38:28",127.0.0.1,"Sửa chữa","Sản phẩm:BMW 535i Gran Turismo 3.0 2011 (16)"
"11-09-2011 17:40:36",127.0.0.1,"Sửa chữa","Sản phẩm:BMW 535i Gran Turismo 3.0 2011 (16)"
"11-09-2011 17:42:16",127.0.0.1,"Sửa chữa","Sản phẩm:BMW 535i Gran Turismo 3.0 2011 (16)"
"11-09-2011 17:42:29",127.0.0.1,"Sửa chữa","Sản phẩm:BMW 535i Gran Turismo 3.0 2011 (16)"
"11-09-2011 17:44:34",127.0.0.1,"Sửa chữa","Sản phẩm:BMW 535i Gran Turismo 3.0 2011 (16)"
"11-09-2011 17:45:04",127.0.0.1,"Sửa chữa","Sản phẩm:BMW 535i Gran Turismo 3.0 2011 (16)"
"11-09-2011 17:46:00",127.0.0.1,"Sửa chữa","Sản phẩm:BMW 535i Gran Turismo 3.0 2011 (16)"
"11-09-2011 17:46:36",127.0.0.1,"Sửa chữa","Sản phẩm:BMW 535i Gran Turismo 3.0 2011 (16)"
"11-09-2011 17:47:41",127.0.0.1,"Sửa chữa","Sản phẩm:BMW 535i Gran Turismo 3.0 2011 (16)"
"11-09-2011 17:48:21",127.0.0.1,"Sửa chữa","Sản phẩm:BMW 535i Gran Turismo 3.0 2011 (16)"
"11-09-2011 17:49:03",127.0.0.1,"Sửa chữa","Sản phẩm:BMW 535i Gran Turismo 3.0 2011 (16)"
"11-09-2011 17:49:38",127.0.0.1,"Sửa chữa","Sản phẩm:BMW 535i Gran Turismo 3.0 2011 (16)"
"11-09-2011 17:51:08",127.0.0.1,"Sửa chữa","Sản phẩm:BMW 535i Gran Turismo 3.0 2011 (16)"
"11-10-2011 08:44:04",113.160.54.50,Members,"Signed in"
"11-10-2011 09:12:38",113.160.54.50,"Tạo mới","Tin tức:Tin tức 1(14)"
"11-10-2011 11:53:34",113.160.54.50,Members,"Signed in"
"11-10-2011 23:22:42",123.24.122.173,Members,"Signed in"
"11-10-2011 23:24:42",123.24.122.173,"Tạo mới","Tin tức:Bộ tài chính đề nghị tăng lệ phí trước bạ ôtô(14)"
"11-10-2011 23:27:29",123.24.122.173,"Tạo mới","Tin tức:Phí cấp biển ôtô có thể lên tới 20 triệu đồng(15)"
"11-10-2011 23:32:06",123.24.122.173,"Tạo mới","Tin tức:Thuế trước bạ 2011(16)"
"11-10-2011 23:32:32",123.24.122.173,"Sửa chữa","Tin tức:Phí cấp biển ôtô có thể lên tới 20 triệu đồng(15)"
"11-10-2011 23:43:08",123.24.122.173,"Tạo mới","Tin tức:“Niềm vui trở thành thượng khách” dành cho Khách hàng sở hữu BMW 7 Series Premiu(17)"
"11-10-2011 23:46:18",123.24.122.173,"Tạo mới","Tin tức:Chương trình Khuyến mãi cuối năm 2011(18)"
"11-10-2011 23:48:10",123.24.122.173,"Tạo mới","Tin tức:Kết quả chương trình đi thử xe M5 tại Tây Ban Nha(19)"
"11-10-2011 23:50:06",123.24.122.173,"Sửa chữa","Nhóm sản phẩm:BMW 3 Series(1)"
"11-10-2011 23:50:22",123.24.122.173,"Sửa chữa","Nhóm sản phẩm:BMW 5 Series(2)"
"11-10-2011 23:50:41",123.24.122.173,"Sửa chữa","Nhóm sản phẩm:BMW 7 Series(3)"
"11-10-2011 23:51:04",123.24.122.173,"Sửa chữa","Nhóm sản phẩm:BMW 7 Series(3)"
"11-10-2011 23:51:22",123.24.122.173,"Sửa chữa","Nhóm sản phẩm:BMW 6 Series(4)"
"11-10-2011 23:51:52",123.24.122.173,"Sửa chữa","Nhóm sản phẩm:BMW X1 2011(5)"
"11-10-2011 23:52:18",123.24.122.173,"Sửa chữa","Nhóm sản phẩm:BMW X3 2011(6)"
"11-10-2011 23:52:34",123.24.122.173,"Tạo mới","Nhóm sản phẩm:BMW X5 2011(7)"
"11-10-2011 23:52:49",123.24.122.173,"Tạo mới","Nhóm sản phẩm:BMW X6 2011(8)"
"11-10-2011 23:53:25",123.24.122.173,"Tạo mới","Nhóm sản phẩm:BMW Z4 23i 2010(9)"
"11-11-2011 08:41:07",113.160.54.50,Members,"Signed in"
"11-11-2011 08:43:30",113.160.54.50,Member,"Edit member:admin(1)"
"11-11-2011 08:44:24",113.22.68.18,Members,"Signed in"
"11-11-2011 09:07:55",113.160.54.50,Members,"Signed in"
"11-11-2011 11:06:31",113.160.54.50,member,"Access denied: member-logout"
"11-11-2011 11:06:31",113.160.54.50,Members,"Signed out"
"11-11-2011 11:06:35",113.160.54.50,Members,"Signed in"
"11-11-2011 11:58:32",113.160.54.50,Members,"Signed in"
"11-11-2011 12:00:04",113.160.54.50,"Sửa chữa","Sản phẩm:BMW X6 xDrive35i 2011 (15)"
"11-11-2011 12:02:30",113.160.54.50,Members,"Signed in"
"11-11-2011 17:39:51",113.160.54.50,member,"Access denied: member-logout"
"11-11-2011 17:39:51",113.160.54.50,Members,"Signed out"
"11-11-2011 17:40:43",113.160.54.50,Members,"Signed in"
"11-11-2011 17:41:14",113.160.54.50,Member,"Edit member:admin(1)"
"11-12-2011 01:47:59",113.190.98.245,setions,"Access denied: setions-index"
"11-12-2011 01:48:17",113.190.98.245,member,"Access denied: member-logout"
"11-12-2011 01:48:17",113.190.98.245,Members,"Signed out"
"11-12-2011 01:48:32",113.190.98.245,Members,"Signed in"
"11-12-2011 02:12:12",113.190.98.245,Xóa,"Nhóm tin: Chọn màu xe theo phong thuỷ(19)"
"11-12-2011 03:28:37",113.190.98.245,member,"Access denied: member-logout"
"11-12-2011 03:28:37",113.190.98.245,Members,"Signed out"
"11-12-2011 03:28:46",113.190.98.245,Members,"Signed in"
"11-12-2011 08:16:57",113.160.54.50,Members,"Signed in"
"11-12-2011 08:23:05",113.160.54.50,Setting,"Change system settings"
"11-12-2011 10:17:32",113.160.54.50,Members,"Signed in"
"11-12-2011 10:18:26",113.160.54.50,Member,"Edit member:admin(1)"
"11-12-2011 10:19:38",113.160.54.50,"Sửa chữa","Quảng cáo:BMW X6 xDrive35d(1)"
"11-12-2011 10:19:46",113.160.54.50,"Sửa chữa","Quảng cáo:BMW X6 xDrive35d(2)"
"11-12-2011 10:19:58",113.160.54.50,"Sửa chữa","Quảng cáo:BMW X6 xDrive35d(3)"
"11-12-2011 10:20:07",113.160.54.50,"Sửa chữa","Quảng cáo:BMW X3 28i 2011 (4)"
"11-12-2011 10:20:16",113.160.54.50,"Sửa chữa","Quảng cáo:BMW Z4 23i 2010(5)"
"11-12-2011 10:20:38",113.160.54.50,"Sửa chữa","Quảng cáo:BMW 320i 2011 (6)"
"11-12-2011 10:21:13",113.160.54.50,"Tạo mới","Quảng cáo:BMW 523i 2011(10)"
"11-12-2011 10:31:52",113.160.54.50,Setting,"Change system settings"
"11-12-2011 10:32:21",113.160.54.50,Setting,"Change system settings"
"11-12-2011 10:40:49",113.160.54.50,Members,"Signed in"
"11-12-2011 10:41:07",113.160.54.50,"Sửa chữa","Tin tức:Chương trình Khuyến mãi cuối năm 2011(14)"
"11-12-2011 10:41:28",113.160.54.50,"Sửa chữa","Tin tức:3 năm nhìn lại dịch vụ đậu xe miễn phí BMW(16)"
"11-12-2011 10:42:54",113.160.54.50,Setting,"Change system settings"
"11-12-2011 10:47:40",113.160.54.50,Setting,"Change system settings"
"11-12-2011 10:47:59",113.160.54.50,Setting,"Change system settings"
"11-12-2011 10:48:17",113.160.54.50,Setting,"Change system settings"
"11-12-2011 11:09:34",113.160.54.50,Groups,"Tạo nhóm thành viên: Mode (10)"
"11-12-2011 15:39:02",58.187.59.160,Members,"Signed in"
"11-12-2011 15:39:59",58.187.59.160,"Sửa chữa","Quảng cáo:BMW X6 xDrive35d(1)"
"11-12-2011 15:41:23",58.187.59.160,"Sửa chữa","Quảng cáo:BMW X6 xDrive35d(2)"
"11-12-2011 15:41:59",58.187.59.160,"Sửa chữa","Quảng cáo:BMW X6 xDrive35d(3)"
"11-12-2011 15:42:13",58.187.59.160,"Sửa chữa","Quảng cáo:BMW X3 28i 2011 (4)"
"11-12-2011 15:42:25",58.187.59.160,"Sửa chữa","Quảng cáo:BMW Z4 23i 2010(5)"
"11-12-2011 15:42:39",58.187.59.160,"Sửa chữa","Quảng cáo:BMW 320i 2011 (6)"
"11-12-2011 15:43:48",58.187.59.160,Setting,"Change system settings"
"11-12-2011 16:04:58",58.187.59.160,Members,"Signed in"
"11-12-2011 16:27:57",14.160.40.26,Members,"Signed in"
"11-12-2011 16:49:29",14.160.40.26,"Sửa chữa","Sản phẩm:BMW X6 xDrive35i 2011 (15)"
"11-12-2011 17:11:04",113.190.98.245,Groups,"Chỉnh sửa nhóm thành viên: Admin (1)"
"11-12-2011 17:18:18",58.187.59.160,"Xóa đơn hàng","Đặt hàng: Hoài Nam Trần(22)"
"11-12-2011 17:18:22",58.187.59.160,"Xóa đơn hàng","Đặt hàng: Hoài Nam Trần(21)"
"11-13-2011 07:14:23",222.254.81.175,Members,"Signed in"
"11-13-2011 07:31:33",222.254.81.175,Members,"Signed in"
"11-13-2011 08:28:10",222.254.81.175,Members,"Signed in"
"11-13-2011 08:41:02",222.254.81.175,"Sửa chữa","Bài viết:Giới thiệu chung về công ty(1)"
"11-13-2011 08:47:26",222.254.81.175,Members,"Signed in"
"11-13-2011 08:52:23",58.187.59.160,Members,"Signed in"
"11-13-2011 09:03:02",58.187.59.160,"Sửa chữa","Sản phẩm:BMW 320i 2011 (18)"
"11-13-2011 09:03:56",58.187.59.160,"Sửa chữa","Sản phẩm:BMW 320i 2011 (18)"
"11-13-2011 09:04:32",58.187.59.160,"Sửa chữa","Sản phẩm:BMW 320i 2011 (18)"
"11-13-2011 09:04:40",222.254.81.175,"Sửa chữa","Bài viết:Giới thiệu chung về công ty(1)"
"11-13-2011 09:05:27",222.254.81.175,"Sửa chữa","Bài viết:Giới thiệu chung về công ty(1)"
"11-13-2011 09:05:42",58.187.59.160,"Sửa chữa","Sản phẩm:BMW 320i 2011 (18)"
"11-13-2011 09:05:45",222.254.81.175,"Sửa chữa","Bài viết:Giới thiệu chung về công ty(1)"
"11-13-2011 09:06:48",58.187.59.160,"Sửa chữa","Sản phẩm:BMW 320i 2011 (18)"
"11-13-2011 09:07:22",222.254.81.175,"Sửa chữa","Bài viết:Giới thiệu chung về công ty(1)"
"11-13-2011 09:09:23",58.187.59.160,"Sửa chữa","Sản phẩm:BMW 320i 2011 (18)"
"11-13-2011 09:13:11",222.254.81.175,Setting,"Change system settings"
"11-13-2011 09:15:22",222.254.81.175,Setting,"Change system settings"
"11-13-2011 09:16:51",58.187.59.160,Members,"Signed in"
"11-13-2011 09:17:11",222.254.81.175,Setting,"Change system settings"
"11-13-2011 09:17:51",58.187.59.160,"Sửa chữa","Sản phẩm:BMW Z4 23i 2010(23)"
"11-13-2011 09:18:07",58.187.59.160,"Sửa chữa","Sản phẩm:BMW Z4 23i 2010(23)"
"11-13-2011 09:19:39",222.254.81.175,Setting,"Change system settings"
"11-13-2011 09:20:05",222.254.81.175,Setting,"Change system settings"
"11-13-2011 09:20:42",58.187.59.160,"Sửa chữa","Sản phẩm:BMW 320i 2011 (18)"
"11-13-2011 09:22:02",222.254.81.175,"Sửa chữa","Sản phẩm:BMW X6 xDrive35i 2011 (15)"
"11-13-2011 09:23:30",222.254.81.175,"Sửa chữa","Sản phẩm:BMW X6 xDrive35i 2011 (15)"
"11-13-2011 09:25:13",222.254.81.175,"Sửa chữa","Sản phẩm:BMW 320i 2011 (18)"
"11-13-2011 09:29:25",222.254.81.175,"Sửa chữa","Sản phẩm:BMW 320i 2011 (18)"
"11-13-2011 09:34:28",222.254.81.175,"Sửa chữa","Phong thủy xe:màu trắng alpha(5)"
"11-13-2011 09:34:53",222.254.81.175,"Sửa chữa","Phong thủy xe:Casmere Silve(6)"
"11-13-2011 09:35:12",222.254.81.175,"Sửa chữa","Phong thủy xe:Cashmere Silve(6)"
"11-13-2011 09:36:08",58.187.59.160,"Tạo mới","Tin tức:Một số điều cần biết khi đi du lịch bằng ô tô (20)"
"11-13-2011 09:36:48",222.254.81.175,"Sửa chữa","Phong thủy xe:VermilionRed(7)"
"11-13-2011 09:37:11",222.254.81.175,"Sửa chữa","Phong thủy xe:Milano Beige(8)"
"11-13-2011 09:41:14",58.187.59.160,"Tạo mới","Tin tức:Những thứ cần mang theo trong chuyến dã ngoại(21)"
"11-13-2011 09:43:30",222.254.81.175,Members,"Signed in"
"11-13-2011 09:45:22",58.187.59.160,"Tạo mới","Video:BMW 3-series Production Assembly Line Process at Munich Plant(7)"
"11-13-2011 09:45:42",58.187.59.160,"Sửa chữa","Video:BMW 3-series Production Assembly Line Process at Munich Plant(7)"
"11-13-2011 09:45:43",58.187.59.160,"Sửa chữa","Video:BMW 3-series Production Assembly Line Process at Munich Plant(7)"
"11-13-2011 09:46:43",58.187.59.160,"Sửa chữa","Tin tức:Những thứ cần mang theo trong chuyến dã ngoại(21)"
"11-13-2011 09:47:56",58.187.59.160,"Sửa chữa","Video:BMW Films - The Hire - Chosen (1)"
"11-13-2011 09:48:47",58.187.59.160,"Tạo mới","Tin tức:Danh sách các Đại Sứ Quán tại Hà Nội (22)"
"11-13-2011 09:49:37",58.187.59.160,"Sửa chữa","Tin tức:Danh sách các Đại Sứ Quán tại Hà Nội (22)"
"11-13-2011 09:56:14",58.187.59.160,Setting,"Change system settings"
"11-13-2011 09:57:19",58.187.59.160,Setting,"Change system settings"
"11-13-2011 10:05:05",58.187.59.160,"Sửa chữa","Sản phẩm:BMW 320i 2011 (18)"
"11-13-2011 10:05:26",58.187.59.160,"Sửa chữa","Sản phẩm:BMW 320i 2011 (18)"
"11-13-2011 10:11:17",58.187.59.160,Xóa,"Sản phẩm: BMW X6 xDrive35i 2011 (15)"
"11-13-2011 10:11:24",58.187.59.160,Xóa,"Sản phẩm: BMW 535i Gran Turismo 3.0 2011 (16)"
"11-13-2011 10:11:31",58.187.59.160,Xóa,"Sản phẩm: BMW X6 xDrive35d(17)"
"11-13-2011 10:11:39",58.187.59.160,Xóa,"Sản phẩm: BMW X1 1.8i sDrive (19)"
"11-13-2011 10:11:45",58.187.59.160,Xóa,"Sản phẩm: BMW 523i 2011(20)"
"11-13-2011 10:11:54",58.187.59.160,Xóa,"Sản phẩm: BMW X3 28i 2011 (21)"
"11-13-2011 10:12:06",58.187.59.160,Xóa,"Sản phẩm: BMW X5 35i 2011(22)"
"11-13-2011 10:12:15",58.187.59.160,Xóa,"Sản phẩm: BMW Z4 23i 2010(23)"
"11-13-2011 10:13:47",58.187.59.160,"Sửa chữa","Sản phẩm:BMW 320i 2011 (18)"
"11-13-2011 10:14:08",58.187.59.160,Xóa,"Sản phẩm: BMW 320i 2011 (18)"
"11-13-2011 10:30:17",58.187.59.160,"Sửa chữa","Sản phẩm:BMW 320i 2011 (24)"
"11-13-2011 10:30:46",58.187.59.160,Xóa,"Sản phẩm: BMW 320i 2011 (25)"
"11-13-2011 10:32:16",58.187.59.160,"Sửa chữa","Sản phẩm:BMW 320i 2011 (24)"
"11-13-2011 10:36:37",58.187.59.160,"Sửa chữa","Sản phẩm:BMW 320i 2011 (24)"
"11-13-2011 10:56:53",58.187.59.160,"Tạo mới","Sản phẩm:BMW 325i Cabriolet 3.0(26)"
"11-13-2011 10:57:57",58.187.59.160,"Sửa chữa","Sản phẩm:BMW 325i Cabriolet 3.0(26)"
"11-13-2011 11:07:13",58.187.59.160,"Sửa chữa","Sản phẩm:BMW 325i Cabriolet 3.0(26)"
"11-13-2011 11:07:13",58.187.59.160,"Sửa chữa","Sản phẩm:BMW 325i Cabriolet 3.0(26)"
"11-13-2011 11:07:15",58.187.59.160,"Sửa chữa","Sản phẩm:BMW 325i Cabriolet 3.0(26)"
"11-13-2011 11:08:03",58.187.59.160,"Tạo mới","Sản phẩm:BMW 320i Cabriolet(27)"
"11-13-2011 11:08:12",58.187.59.160,"Sửa chữa","Sản phẩm:BMW 325i Cabriolet 3.0(26)"
"11-13-2011 11:09:50",58.187.59.160,"Sửa chữa","Sản phẩm:BMW 325i Cabriolet 3.0(26)"
"11-13-2011 11:15:41",58.187.59.160,"Sửa chữa","Sản phẩm:BMW 320i Cabriolet(27)"
"11-13-2011 11:18:20",58.187.59.160,product,"Access denied: product-%3ciframe%20width="
"11-13-2011 11:18:51",58.187.59.160,product,"Access denied: product-%3ciframe%20width="
"11-13-2011 11:19:22",58.187.59.160,product,"Access denied: product-%3ciframe%20width="
"11-13-2011 11:24:21",58.187.59.160,"Tạo mới","Sản phẩm:BMW 325i Cabriolet(28)"
"11-13-2011 11:25:02",58.187.59.160,"Sửa chữa","Sản phẩm:BMW 325i Cabriolet(28)"
"11-13-2011 11:28:52",58.187.59.160,"Sửa chữa","Sản phẩm:BMW 325i Cabriolet(28)"
"11-13-2011 11:29:59",58.187.59.160,"Sửa chữa","Sản phẩm:BMW 325i Cabriolet(28)"
"11-13-2011 11:32:52",58.187.59.160,"Sửa chữa","Sản phẩm:BMW 320i 2011 (24)"
"11-13-2011 11:34:45",58.187.59.160,"Sửa chữa","Sản phẩm:BMW 320i 2011 (24)"
"11-13-2011 11:35:38",58.187.59.160,"Sửa chữa","Sản phẩm:BMW 320i 2011 (24)"
"11-13-2011 11:38:09",58.187.59.160,"Sửa chữa","Sản phẩm:BMW 325i Cabriolet(28)"
"11-13-2011 11:42:01",58.187.59.160,"Sửa chữa","Sản phẩm:BMW 325i Cabriolet(28)"
"11-13-2011 11:50:40",58.187.59.160,"Tạo mới","Sản phẩm:BMW 528i 2011(29)"
"11-13-2011 11:52:36",58.187.59.160,"Sửa chữa","Sản phẩm:BMW 528i 2011(29)"
"11-13-2011 11:54:51",58.187.59.160,"Sửa chữa","Phong thủy xe:Màu đỏ(2)"
"11-13-2011 11:55:50",58.187.59.160,"Sửa chữa","Phong thủy xe:VermilionRed(7)"
"11-13-2011 11:56:09",58.187.59.160,"Sửa chữa","Phong thủy xe:Milano Beige(8)"
"11-13-2011 11:56:46",58.187.59.160,Xóa,"Sản phẩm: (30)"
"11-13-2011 11:56:55",58.187.59.160,Xóa,"Sản phẩm: (31)"
"11-13-2011 11:57:02",58.187.59.160,Xóa,"Sản phẩm: (32)"
"11-13-2011 11:57:10",58.187.59.160,Xóa,"Sản phẩm: (33)"
"11-13-2011 11:57:13",58.187.59.160,"Tạo mới","Phong thủy xe:1(9)"
"11-13-2011 11:57:19",58.187.59.160,Xóa,"Sản phẩm: test(34)"
"11-13-2011 11:57:28",58.187.59.160,"Tạo mới","Phong thủy xe:2(10)"
"11-13-2011 11:57:46",58.187.59.160,"Tạo mới","Phong thủy xe:3(11)"
"11-13-2011 11:57:56",58.187.59.160,"Tạo mới","Phong thủy xe:4(12)"
"11-13-2011 11:58:09",58.187.59.160,"Tạo mới","Phong thủy xe:5(13)"
"11-13-2011 11:58:20",58.187.59.160,"Tạo mới","Phong thủy xe:6(14)"
"11-13-2011 11:58:30",58.187.59.160,"Tạo mới","Phong thủy xe:7(15)"
"11-13-2011 11:58:40",58.187.59.160,"Tạo mới","Phong thủy xe:8(16)"
"11-13-2011 11:58:53",58.187.59.160,"Tạo mới","Phong thủy xe:9(17)"
"11-13-2011 11:59:14",58.187.59.160,"Tạo mới","Phong thủy xe:10(18)"
"11-13-2011 11:59:28",58.187.59.160,"Tạo mới","Phong thủy xe:11(19)"
"11-13-2011 11:59:44",58.187.59.160,"Tạo mới","Phong thủy xe:12(21)"
"11-13-2011 11:59:58",58.187.59.160,"Tạo mới","Phong thủy xe:13(22)"
"11-13-2011 12:00:13",58.187.59.160,"Tạo mới","Phong thủy xe:14(23)"
"11-13-2011 12:00:25",58.187.59.160,"Tạo mới","Phong thủy xe:15(24)"
"11-13-2011 12:00:38",58.187.59.160,"Tạo mới","Phong thủy xe:16(25)"
"11-13-2011 12:00:50",58.187.59.160,"Tạo mới","Phong thủy xe:17(26)"
"11-13-2011 12:01:07",58.187.59.160,"Tạo mới","Phong thủy xe:18(27)"
"11-13-2011 12:01:21",58.187.59.160,"Tạo mới","Phong thủy xe:19(28)"
"11-13-2011 12:01:33",58.187.59.160,Xóa,"Sản phẩm: confirm deleteconfirm delete(36)"
"11-13-2011 12:01:37",58.187.59.160,"Tạo mới","Phong thủy xe:20(29)"
"11-13-2011 12:01:45",58.187.59.160,Xóa,"Sản phẩm: sản phẩm test*(35)"
"11-13-2011 12:01:55",58.187.59.160,"Tạo mới","Phong thủy xe:21(30)"
"11-13-2011 12:02:07",58.187.59.160,"Tạo mới","Phong thủy xe:22(31)"
"11-13-2011 12:02:18",58.187.59.160,"Tạo mới","Phong thủy xe:23(32)"
"11-13-2011 12:02:32",58.187.59.160,"Tạo mới","Phong thủy xe:24(33)"
"11-13-2011 12:02:53",58.187.59.160,"Tạo mới","Phong thủy xe:25(34)"
"11-13-2011 12:03:15",58.187.59.160,"Tạo mới","Phong thủy xe:27(35)"
"11-13-2011 12:03:27",58.187.59.160,"Tạo mới","Phong thủy xe:28(36)"
"11-13-2011 12:03:44",58.187.59.160,"Tạo mới","Phong thủy xe:29(37)"
"11-13-2011 12:03:59",58.187.59.160,"Tạo mới","Phong thủy xe:30(38)"
"11-13-2011 12:04:16",58.187.59.160,"Tạo mới","Phong thủy xe:31(39)"
"11-13-2011 12:04:26",58.187.59.160,"Tạo mới","Phong thủy xe:32(40)"
"11-13-2011 12:04:38",58.187.59.160,"Tạo mới","Phong thủy xe:33(41)"
"11-13-2011 12:07:07",58.187.59.160,Xóa,"Phong thủy xe: (20)"
"11-13-2011 12:09:28",58.187.59.160,"Sửa chữa","Sản phẩm:BMW 528i 2011(29)"
"11-13-2011 12:17:43",58.187.59.160,"Tạo mới","Sản phẩm:BMW 523i 2011(37)"
"11-13-2011 12:18:19",58.187.59.160,"Sửa chữa","Sản phẩm:BMW 523i 2011(37)"
"11-13-2011 13:31:42",58.187.59.160,member,"Access denied: member-logout"
"11-13-2011 13:31:42",58.187.59.160,Members,"Signed out"
"11-13-2011 13:47:52",58.187.59.160,Members,"Signed in"
"11-13-2011 13:48:16",58.187.59.160,member,"Access denied: member-logout"
"11-13-2011 13:48:16",58.187.59.160,Members,"Signed out"
"11-13-2011 13:50:25",58.187.59.160,Members,"Signed in"
"11-13-2011 13:50:33",58.187.59.160,member,"Access denied: member-logout"
"11-13-2011 13:50:33",58.187.59.160,Members,"Signed out"
"11-13-2011 13:56:31",58.187.59.160,Members,"Signed in"
"11-13-2011 15:08:30",58.187.59.160,"Sửa chữa","Sản phẩm:BMW 325i Cabriolet(28)"
"11-13-2011 15:09:59",58.187.59.160,"Sửa chữa","Sản phẩm:BMW 325i Cabriolet(28)"
"11-13-2011 15:10:47",58.187.59.160,"Sửa chữa","Sản phẩm:BMW 320i 2011 (24)"
"11-13-2011 15:21:07",58.187.59.160,"Tạo mới","Sản phẩm:BMW 535i GT(38)"
"11-13-2011 15:22:07",58.187.59.160,"Sửa chữa","Sản phẩm:BMW 535i GT(38)"
"11-13-2011 15:23:13",58.187.59.160,"Sửa chữa","Sản phẩm:BMW 535i GT(38)"
"11-13-2011 15:28:32",58.187.59.160,"Tạo mới","Sản phẩm:BMW 730Li 2011(39)"
"11-13-2011 15:33:46",58.187.59.160,"Sửa chữa","Sản phẩm:BMW 730Li 2011(39)"
"11-13-2011 15:34:43",58.187.59.160,"Sửa chữa","Sản phẩm:BMW 730Li 2011(39)"
"11-13-2011 15:41:25",58.187.59.160,"Tạo mới","Sản phẩm:BMW 740Li 2011(40)"
"11-13-2011 15:44:52",58.187.59.160,"Sửa chữa","Sản phẩm:BMW 740Li 2011(40)"
"11-13-2011 15:47:24",58.187.59.160,"Sửa chữa","Sản phẩm:BMW 740Li 2011(40)"
"11-13-2011 15:48:09",58.187.59.160,Members,"Signed in"
"11-13-2011 15:58:55",58.187.59.160,"Tạo mới","Sản phẩm:BMW 750Li 2011(41)"
"11-13-2011 15:59:52",58.187.59.160,"Sửa chữa","Sản phẩm:BMW 750Li 2011(41)"
"11-13-2011 16:05:38",58.187.59.160,"Tạo mới","Sản phẩm:BMW 760Li 2011(42)"
"11-13-2011 16:06:55",58.187.59.160,"Sửa chữa","Sản phẩm:BMW 760Li 2011(42)"
"11-13-2011 16:09:50",58.187.59.160,"Sửa chữa","Bài viết:Giới thiệu chung về công ty(1)"
"11-13-2011 16:42:26",58.187.59.160,"Sửa chữa","Sản phẩm:BMW 760Li 2011(42)"
"11-13-2011 16:44:33",58.187.59.160,"Sửa chữa","Sản phẩm:BMW 760Li 2011(42)"
"11-13-2011 16:45:41",58.187.59.160,"Sửa chữa","Sản phẩm:BMW 320i 2011 (24)"
"11-13-2011 16:47:04",58.187.59.160,"Sửa chữa","Sản phẩm:BMW 325i Cabriolet 3.0(26)"
"11-13-2011 16:48:29",58.187.59.160,"Sửa chữa","Sản phẩm:BMW 320i Cabriolet(27)"
"11-13-2011 16:49:08",58.187.59.160,"Sửa chữa","Sản phẩm:BMW 325i Cabriolet(28)"
"11-13-2011 16:50:27",58.187.59.160,"Sửa chữa","Sản phẩm:BMW 523i 2011(37)"
"11-13-2011 16:51:03",58.187.59.160,"Sửa chữa","Sản phẩm:BMW 535i GT(38)"
"11-13-2011 16:51:59",58.187.59.160,"Sửa chữa","Sản phẩm:BMW 523i 2011(37)"
"11-13-2011 16:52:46",58.187.59.160,"Sửa chữa","Sản phẩm:BMW 523i 2011(37)"
"11-13-2011 16:55:25",58.187.59.160,"Sửa chữa","Sản phẩm:BMW 730Li 2011(39)"
"11-13-2011 16:56:13",58.187.59.160,"Sửa chữa","Sản phẩm:BMW 750Li 2011(41)"
"11-13-2011 17:01:03",58.187.59.160,"Tạo mới","Sản phẩm:BMW X1 1.8i 2011(43)"
"11-13-2011 17:02:25",58.187.59.160,"Sửa chữa","Sản phẩm:BMW X1 1.8i 2011(43)"
"11-13-2011 17:06:25",58.187.59.160,"Sửa chữa","Sản phẩm:BMW X1 1.8i 2011(43)"
"11-13-2011 17:07:02",58.187.59.160,"Sửa chữa","Sản phẩm:BMW X1 1.8i 2011(43)"
"11-13-2011 17:09:50",58.187.59.160,Setting,"Change system settings"
"11-13-2011 17:13:55",58.187.59.160,"Tạo mới","Sản phẩm:BMW X1 2.8i 2011(44)"
"11-13-2011 17:14:36",58.187.59.160,"Sửa chữa","Sản phẩm:BMW X1 2.8i 2011(44)"
"11-13-2011 17:20:05",58.187.59.160,"Tạo mới","Sản phẩm:BMW X3 28i 2011(45)"
"11-13-2011 17:23:19",58.187.59.160,"Sửa chữa","Sản phẩm:BMW X3 28i 2011(45)"
"11-13-2011 17:28:50",58.187.59.160,"Tạo mới","Sản phẩm:BMW X5 35i 2011(46)"
"11-13-2011 17:31:15",58.187.59.160,"Sửa chữa","Sản phẩm:BMW X5 35i 2011(46)"
"11-13-2011 17:37:01",58.187.59.160,"Tạo mới","Sản phẩm:BMW X6 35i 2011(47)"
"11-13-2011 17:40:07",58.187.59.160,"Sửa chữa","Sản phẩm:BMW X6 35i 2011(47)"
"11-13-2011 17:40:37",58.187.59.160,"Sửa chữa","Sản phẩm:BMW X6 35i 2011(47)"
"11-13-2011 17:41:05",58.187.59.160,"Sửa chữa","Sản phẩm:BMW X6 35i 2011(47)"
"11-13-2011 17:43:15",58.187.59.160,"Sửa chữa","Sản phẩm:BMW X6 35i 2011(47)"
"11-13-2011 17:47:48",58.187.59.160,"Tạo mới","Sản phẩm:BMW Z4 23i 2010(48)"
"11-13-2011 17:51:09",58.187.59.160,"Sửa chữa","Sản phẩm:BMW Z4 23i 2010(48)"
"11-13-2011 17:54:52",58.187.59.160,"Tạo mới","Tin tức:Bạc và đen thống trị màu xe phổ biến nhất thế giới(23)"
"11-13-2011 17:55:41",58.187.59.160,"Sửa chữa","Tin tức:Bạc và đen thống trị màu xe phổ biến nhất thế giới(23)"
"11-13-2011 17:59:15",58.187.59.160,"Tạo mới","Tin tức:Chọn màu xe theo phong thuỷ (24)"
"11-13-2011 18:02:36",58.187.59.160,"Tạo mới","Tin tức:Màu xe nào an toàn nhất?(25)"
"11-13-2011 18:04:33",58.187.59.160,"Tạo mới","Tin tức:Mua trả góp(26)"
"11-13-2011 18:06:11",58.187.59.160,"Tạo mới","Tin tức:Mua xe nhập khẩu giá CIF(27)"
"11-13-2011 18:08:29",58.187.59.160,"Tạo mới","Tin tức:Hà Nội muốn phí đăng ký ôtô lên tới 10 triệu đồng(28)"
"11-13-2011 18:10:55",58.187.59.160,"Tạo mới","Tin tức:BMW thai nghén bộ tăng áp điện hoàn toàn mới(29)"
"11-13-2011 18:13:10",58.187.59.160,"Tạo mới","Tin tức:BMW Driving Experience 2011 tại Hà Nội(30)"
"11-13-2011 18:15:18",58.187.59.160,"Tạo mới","Tin tức:Ghé thăm "" gia đình "" BMW tại triển lãm Frankfurt 2011 (31)"
"11-13-2011 18:16:39",58.187.59.160,"Tạo mới","Tin tức:BMW nghiên cứu phát triển hệ thống đèn pha Laser(32)"
"11-13-2011 18:18:22",58.187.59.160,"Tạo mới","Tin tức:Hai tân binh BMW i3 và i8 bất ngờ lộ diện (33)"
"11-13-2011 18:21:51",58.187.59.160,"Tạo mới","Tin tức:Ngắm sơn nữ ở chợ tình(34)"
"11-13-2011 18:22:38",58.187.59.160,"Sửa chữa","Tin tức:Ngắm sơn nữ ở chợ tình(34)"
"11-13-2011 18:24:57",58.187.59.160,"Tạo mới","Tin tức:Ăn Tết Độc Lập cùng người Mông tại Mộc Châu(35)"
"11-13-2011 18:27:51",58.187.59.160,"Tạo mới","Tin tức:Mây núi Sa Pa đẹp như tranh thủy mặc (36)"
"11-13-2011 18:30:09",58.187.59.160,"Tạo mới","Tin tức:Địa chỉ quán ăn ngon tại Hà Nội (37)"
"11-13-2011 18:33:04",58.187.59.160,"Tạo mới","Tin tức:Cuối tuần nên ăn gì, ở đâu ngon ở Hà Nội? (38)"
"11-13-2011 21:26:47",58.187.59.160,"Tạo mới","Tin tức:""Phiêu"" trên đỉnh Hải Vân (39)"
"11-13-2011 21:29:10",58.187.59.160,"Tạo mới","Tin tức:5 ngọn thác mang trong mình huyền thoại(40)"
"11-13-2011 21:31:19",58.187.59.160,"Tạo mới","Tin tức:Mùa vàng Tây Nguyên trên ruộng bậc thang(41)"
"11-13-2011 21:41:36",58.187.59.160,"Tạo mới","Tin tức:Đèo Hải Vân - 'biển vờn mây'(42)"
"11-13-2011 21:43:45",58.187.59.160,"Tạo mới","Tin tức:Sài Gòn - Ăn gì? Ở đâu, giá bao nhiêu?(43)"
"11-13-2011 21:46:12",58.187.59.160,Setting,"Change system settings"
"11-13-2011 21:47:16",58.187.59.160,Setting,"Change system settings"
"11-13-2011 21:48:21",58.187.59.160,Setting,"Change system settings"
"11-13-2011 21:50:58",58.187.59.160,"Tạo mới","Tin tức:Lịch sử khái quát(44)"
"11-13-2011 21:52:40",58.187.59.160,"Tạo mới","Tin tức:Rolls-Royce Phantom - xe của đại gia Việt (45)"
"11-13-2011 21:54:18",58.187.59.160,"Tạo mới","Tin tức:Siêu phẩm Rolls-Royce Ghost mạ vàng(46)"
"11-13-2011 21:55:30",58.187.59.160,"Tạo mới","Tin tức:Bentley Mulsanne vs. Rolls-Royce Ghost(47)"
"11-13-2011 21:57:59",58.187.59.160,"Tạo mới","Tin tức:Trải nghiệm cùng Rolls-Royce Ghost(48)"
"11-13-2011 21:59:26",58.187.59.160,"Tạo mới","Tin tức:Rolls-Royce Phantom in hình rồng nhân năm Thìn(49)"
"11-13-2011 22:01:38",58.187.59.160,"Tạo mới","Tin tức:Lịch sử khái quát(50)"
"11-13-2011 22:02:52",58.187.59.160,"Tạo mới","Tin tức:MINI phong cách Rolls-Royce (51)"
"11-13-2011 22:04:53",58.187.59.160,"Tạo mới","Tin tức:""Mục sở thị"" MINI Cooper Coupe 2012 hoàn toàn mới(52)"
"11-13-2011 22:06:27",58.187.59.160,"Tạo mới","Tin tức:MINI Roadster 2012(53)"
"11-13-2011 22:08:53",58.187.59.160,"Tạo mới","Tin tức:BMW nâng cấp S1000RR 2012(54)"
"11-13-2011 22:10:23",58.187.59.160,"Tạo mới","Tin tức:BMW K1600 GTL 2012(55)"
"11-13-2011 22:11:39",58.187.59.160,"Tạo mới","Tin tức:BMW F650GS 2011 - môtô địa hình hạng sang ở Sài Gòn(56)"
"11-13-2011 22:13:07",58.187.59.160,"Tạo mới","Tin tức:BMW S1000RR và siêu mẫu Franchesca(57)"
"11-13-2011 22:14:37",58.187.59.160,"Tạo mới","Tin tức:Logo BMW - cánh quạt xanh xứ Bavaria (58)"
"11-13-2011 22:16:45",58.187.59.160,"Tạo mới","Tin tức:BẢO TÀNG BMW tại Munich(59)"
"11-13-2011 22:18:52",58.187.59.160,"Tạo mới","Tin tức:Nguồn gốc của logo BMW (60)"
"11-13-2011 22:19:37",58.187.59.160,"Sửa chữa","Tin tức:Nguồn gốc của logo BMW (60)"
"11-13-2011 22:22:18",58.187.59.160,"Tạo mới","Tin tức:BMW 3 Series và 5 thế hệ vàng (61)"
"11-13-2011 22:24:50",58.187.59.160,"Tạo mới","Tin tức:Khám phá lịch sử 6 thế hệ xe BMW 5 Series (62)"
"11-13-2011 22:26:13",58.187.59.160,"Tạo mới","Tin tức:Gia đình X của BMW(63)"
"11-13-2011 22:27:39",58.187.59.160,"Tạo mới","Tin tức:Sự thay đổi của BMW _ Thời gian sẽ trả lời tất cả (64)"
"11-13-2011 22:30:10",58.187.59.160,"Tạo mới","Tin tức:Kinh nghiệm học và thi lái xe(65)"
"11-13-2011 22:31:48",58.187.59.160,"Tạo mới","Tin tức:6 điều cơ bản “lính mới” cần biết (66)"
"11-13-2011 22:33:09",58.187.59.160,"Tạo mới","Tin tức:Kỹ Thuật Lái xe đêm(67)"
"11-13-2011 22:34:41",58.187.59.160,"Tạo mới","Tin tức:Kỹ Thuật lái xe giỏi (68)"
"11-13-2011 22:39:32",58.187.59.160,"Tạo mới","Tin tức:Cảm giác lái là gì? (69)"
"11-13-2011 22:47:47",58.187.59.160,"Tạo mới","Tin tức:Kỹ Thuật lùi xe (70)"
"11-13-2011 22:49:55",58.187.59.160,"Tạo mới","Tin tức:Kỹ Thuật Lái xe trời mưa(71)"
"11-13-2011 22:59:39",58.187.59.160,"Tạo mới","Tin tức:Tư thế chuẩn mực cho người điều khiển ô tô (72)"
"11-13-2011 23:01:15",58.187.59.160,"Tạo mới","Tin tức:Cách khởi động khi xe hết ắc quy(73)"
"11-13-2011 23:01:47",58.187.59.160,Members,"Signed in"
"11-13-2011 23:03:28",58.187.59.160,"Tạo mới","Tin tức:Kinh nghiệm chống nóng cho ôtô(74)"
"11-13-2011 23:04:12",58.187.59.160,"Tạo mới","Tin tức:Kinh nghiệm chống nóng cho ôtô(75)"
"11-13-2011 23:05:11",58.187.59.160,"Tạo mới","Tin tức:Điều cần làm khi không sử dụng ôtô lâu ngày(76)"
"11-13-2011 23:07:01",58.187.59.160,"Tạo mới","Tin tức:Phanh xe và đổ đèo thế nào cho đúng (77)"
"11-13-2011 23:07:37",58.187.59.160,"Tạo mới","Tin tức:Phanh xe và đổ đèo thế nào cho đúng (78)"
"11-13-2011 23:09:12",58.187.59.160,"Tạo mới","Tin tức:""Tài già"" và những kinh nghiệm để đời cho lớp trẻ(79)"
"11-13-2011 23:10:00",58.187.59.160,"Sửa chữa","Tin tức:Phanh xe và đổ đèo thế nào cho đúng (78)"
"11-13-2011 23:10:34",58.187.59.160,Xóa,"Tin tức: Phanh xe và đổ đèo thế nào cho đúng (77)"
"11-13-2011 23:11:04",58.187.59.160,Xóa,"Tin tức: Kinh nghiệm chống nóng cho ôtô(74)"
"11-13-2011 23:13:33",58.187.59.160,"Tạo mới","Tin tức:BMW Integral Active Steering(80)"
"11-13-2011 23:15:43",58.187.59.160,"Tạo mới","Tin tức:BMW RFT Run Flat Tyres (81)"
"11-13-2011 23:18:23",58.187.59.160,"Tạo mới","Tin tức:BMW 760Li vs Mercedes S63 AMG - Top Gear - BBC(82)"
"11-13-2011 23:19:41",58.187.59.160,"Sửa chữa","Tin tức:BMW 760Li vs Mercedes S63 AMG - Top Gear - BBC(82)"
"11-13-2011 23:22:17",58.187.59.160,"Tạo mới","Tin tức:BMW 1 Series M Coupe commercial HD(83)"
"11-13-2011 23:24:04",58.187.59.160,"Tạo mới","Tin tức:BMW 1-Series 2012(84)"
"11-13-2011 23:26:14",58.187.59.160,"Tạo mới","Tin tức:BMW 1-Series 2012(85)"
"11-13-2011 23:29:00",58.187.59.160,"Tạo mới","Tin tức:Người đẹp và xe BMW 5 GT (87)"
"11-13-2011 23:30:24",58.187.59.160,"Tạo mới","Tin tức:Người đẹp và xe (88)"
"11-13-2011 23:30:48",58.187.59.160,Xóa,"Tin tức: Người đẹp và xe BMW 5 GT (86)"
"11-13-2011 23:32:38",58.187.59.160,"Tạo mới","Tin tức:Xe đẹp và người đẹp(89)"
"11-13-2011 23:33:50",58.187.59.160,"Tạo mới","Tin tức:Chân dài miên man ""mê hoặc"" MINI(90)"
"11-13-2011 23:35:22",58.187.59.160,"Tạo mới","Tin tức:NGƯỜI ĐẸP VÀ XE CF650NK (91)"
"11-13-2011 23:37:56",58.187.59.160,"Tạo mới","Tin tức:Rolls-Royce và người đẹp(92)"
"11-13-2011 23:39:33",58.187.59.160,"Tạo mới","Tin tức:NGƯỜI ĐẸP VÀ XE MUI TRẦN(93)"
"11-13-2011 23:42:39",58.187.59.160,"Tạo mới","Tin tức:""Chiến binh bóng tối"" BMW M3 Coupe 2011(94)"
"11-13-2011 23:44:37",58.187.59.160,"Tạo mới","Tin tức:BMW M5 Touring Dark Edition(95)"
"11-13-2011 23:46:27",58.187.59.160,"Tạo mới","Tin tức:""Cơn bão nhiệt đới"" G Power BMW X5 Typhoon(96)"
"11-13-2011 23:49:12",58.187.59.160,"Tạo mới","Tin tức:BMW M3 DTM chính thức ra mắt (97)"
"11-13-2011 23:51:11",58.187.59.160,"Tạo mới","Tin tức:BMW M3 GTS vs Porsche 911 GT3 RS(98)"
"11-13-2011 23:52:53",58.187.59.160,"Tạo mới","Tin tức:BMW 1-series M vs Porsche Cayman R(99)"
"11-13-2011 23:53:41",58.187.59.160,"Tạo mới","Tin tức:BMW 1-series M vs Porsche Cayman R(100)"
"11-13-2011 23:54:12",58.187.59.160,Xóa,"Tin tức: BMW 1-series M vs Porsche Cayman R(99)"
"11-13-2011 23:55:36",58.187.59.160,"Tạo mới","Tin tức:BMW 7-Series, Mercedes-Benz S-Class, Audi A8 và Lexus LS(101)"
"11-13-2011 23:56:37",58.187.59.160,"Tạo mới","Tin tức:2012 BMW 3 Series so với 2012 Mercedes-Benz C-Class(102)"
"11-13-2011 23:59:26",58.187.59.160,"Tạo mới","Tin tức:BMW Films - The Hire - Ticker (103)"
"11-14-2011 00:00:11",58.187.59.160,"Tạo mới","Tin tức:BMW Films - The Hire - Ticker (105)"
"11-14-2011 00:00:27",58.187.59.160,Xóa,"Tin tức: BMW Films - The Hire - Ticker (103)"
"11-14-2011 00:00:40",58.187.59.160,Xóa,"Tin tức: BMW Films - The Hire - Ticker (104)"
"11-14-2011 00:05:12",58.187.59.160,"Tạo mới","Tin tức:BMW Films - The Hire - Driving Techniques(106)"
"11-14-2011 00:08:34",58.187.59.160,"Tạo mới","Tin tức:BMW Films - The Hire - The Follow(107)"
"11-14-2011 00:10:29",113.190.98.245,Members,"Signed in"
"11-14-2011 00:10:33",58.187.59.160,"Sửa chữa","Tin tức:BMW Films - The Hire - The Follow(107)"
"11-14-2011 00:12:52",58.187.59.160,"Tạo mới","Tin tức:BMW Films - The Hire - Hostage(108)"
"11-14-2011 00:15:42",58.187.59.160,"Tạo mới","Tin tức:BMW Films - The Hire - Star(109)"
"11-14-2011 00:58:29",127.0.0.1,"Sửa chữa","Tin tức:Những con đường thú vị nhất hành tinh(19)"
"11-14-2011 00:58:41",127.0.0.1,"Sửa chữa","Tin tức:Những con đường thú vị nhất hành tinh(19)"
"11-14-2011 01:04:27",127.0.0.1,Groups,"Tạo nhóm thành viên: test (10)"
"11-14-2011 01:05:34",127.0.0.1,Groups,"Delete hotel type:test(10)"
"11-14-2011 01:07:55",127.0.0.1,Groups,"Tạo nhóm thành viên: dfdfdf (11)"
"11-14-2011 01:08:07",127.0.0.1,Groups,"Chỉnh sửa nhóm thành viên: dfdfdf (11)"
"11-14-2011 01:10:29",127.0.0.1,Groups,"Tạo nhóm thành viên: dssd (12)"
"11-14-2011 01:14:05",127.0.0.1,Groups,"Tạo nhóm thành viên: dfdfdfd (13)"
"11-14-2011 01:14:11",127.0.0.1,Groups,"Xóa nhóm thành viên:dfdfdfd(13)"
"11-14-2011 01:18:33",127.0.0.1,Groups,"Tạo nhóm thành viên: dsdsdds (14)"
"11-14-2011 01:19:38",127.0.0.1,Groups,"Xóa nhóm thành viên:dsdsdds(14)"
"11-14-2011 11:43:39",127.0.0.1,Members,"Signed in"
"11-14-2011 13:42:45",127.0.0.1,Members,"Signed in"
"11-14-2011 13:44:18",127.0.0.1,member,"Access denied: member-logout"
"11-14-2011 13:44:18",127.0.0.1,Members,"Signed out"
"11-14-2011 13:45:59",127.0.0.1,Members,"Signed in"
"11-14-2011 16:26:02",127.0.0.1,"Sửa chữa","Sản phẩm:BMW X6 xDrive35i 2011 (15)"
"11-14-2011 16:28:02",127.0.0.1,"Sửa chữa","Sản phẩm:BMW X6 xDrive35i 2011 (15)"
"11-14-2011 17:47:40",127.0.0.1,"Sửa chữa","Sản phẩm:BMW X6 xDrive35i 2011 (15)"
"11-14-2011 17:49:46",127.0.0.1,"Sửa chữa","Sản phẩm:BMW X6 xDrive35i 2011 (15)"
"11-14-2011 17:57:28",127.0.0.1,Members,"Signed in"
"11-14-2011 17:58:10",127.0.0.1,"Sửa chữa","Sản phẩm:BMW 730Li 2011(39)"
"11-14-2011 17:58:25",127.0.0.1,"Sửa chữa","Sản phẩm:BMW 320i 2011 (24)"
"11-15-2011 08:40:22",127.0.0.1,Members,"Signed in"
"11-15-2011 08:40:32",127.0.0.1,Member,"Edit member:admin(1)"
"11-15-2011 09:13:00",127.0.0.1,"Sửa chữa","Sản phẩm:BMW X6 xDrive35i 2011 (15)"
"11-15-2011 09:13:19",127.0.0.1,"Sửa chữa","Sản phẩm:BMW X6 xDrive35i 2011 (15)"
